label,scheme,alpha,n_h,T,T_over_tau,S,adaptive,lo,hi,static_best,static_kd,static_thr,oracle,gain,track_err_ln,track_err_mean_ln,clip
allosteric,allosteric,0.384162,1,60,5.95043,1,0.000291576,0.000121578,0.000503409,5.94222e-07,1.89492,102.5,6.25099e-07,0.00203797,0.109664,0.0183311,0
allosteric,allosteric,0.384162,1,60,5.95043,1.5,0.00113552,0.000792416,0.00155155,4.79028e-05,1.6882,98.5,6.25099e-07,0.0421856,0.155998,0.114233,0
allosteric,allosteric,0.384162,1,60,5.95043,2,0.0050462,0.004018,0.00613657,0.00107918,1.33996,102.5,6.25099e-07,0.213861,0.219172,0.201816,0
allosteric,allosteric,0.384162,1,60,5.95043,3,0.0298552,0.026228,0.0336776,0.0232928,1.19378,98.5,6.25099e-07,0.780191,0.330491,0.318088,0
allosteric,allosteric,0.384162,1,60,5.95043,5,0.117809,0.110553,0.125329,0.151936,0.752063,107.5,6.25099e-07,1.28968,0.474459,0.466871,3.25521e-06
allosteric,allosteric,0.384162,1,60,5.95043,10,0.262666,0.256926,0.268252,0.242448,0.348182,101.5,6.25099e-07,0.923028,0.681314,0.67476,1.4974e-05
allosteric,allosteric,0.384162,1,60,5.95043,20,0.329056,0.326028,0.332182,0.281818,0.188039,97.5,6.25099e-07,0.856445,0.873986,0.869312,5.20833e-05
allosteric,allosteric,0.384162,1,60,5.95043,50,0.376094,0.374499,0.3777,0.313165,0.0746294,97.5,6.25099e-07,0.832679,1.15388,1.15094,0.000142578
allosteric,allosteric,0.384162,1,60,5.95043,100,0.396778,0.395338,0.398225,0.330112,0.0359074,99.5,6.25099e-07,0.831982,1.37557,1.37221,0.000259766
allosteric,allosteric,0.384162,1,120,11.9009,1,0.000183153,0.000127252,0.000257658,5.94222e-07,1.89492,102.5,6.25099e-07,0.0032444,0.107006,0.0199923,0
allosteric,allosteric,0.384162,1,120,11.9009,1.5,0.000522911,0.000374288,0.00069417,4.80659e-05,1.6882,98.5,6.25099e-07,0.0919199,0.127578,0.0769081,0
allosteric,allosteric,0.384162,1,120,11.9009,2,0.00185666,0.00143694,0.00238991,0.00108342,1.33996,102.5,6.25099e-07,0.58353,0.166551,0.13759,0
allosteric,allosteric,0.384162,1,120,11.9009,3,0.00511913,0.00403579,0.00644572,0.0233859,1.19378,98.5,6.25099e-07,4.56833,0.219049,0.201058,0
allosteric,allosteric,0.384162,1,120,11.9009,5,0.0211632,0.0183993,0.0240145,0.152534,0.844153,102.5,6.25099e-07,7.20751,0.30468,0.290022,2.36742e-06
allosteric,allosteric,0.384162,1,120,11.9009,10,0.0859076,0.0806939,0.0912124,0.243454,0.348182,101.5,6.25099e-07,2.83391,0.42973,0.418763,1.23106e-05
allosteric,allosteric,0.384162,1,120,11.9009,20,0.188116,0.181902,0.194034,0.282988,0.188039,97.5,6.25099e-07,1.50433,0.558393,0.550945,3.40909e-05
allosteric,allosteric,0.384162,1,120,11.9009,50,0.284339,0.280567,0.288285,0.314421,0.0746294,97.5,6.25099e-07,1.1058,0.732597,0.726308,9.51705e-05
allosteric,allosteric,0.384162,1,120,11.9009,100,0.32535,0.321973,0.328616,0.331052,0.037317,97.5,6.25099e-07,1.01753,0.86553,0.859289,0.000200758
allosteric,allosteric,0.384162,1,240,23.8017,1,0.000170083,0.000121269,0.000242065,5.94222e-07,1.89492,102.5,6.25099e-07,0.00349372,0.104332,0.01836,0
allosteric,allosteric,0.384162,1,240,23.8017,1.5,0.000276227,0.000231462,0.000323729,4.81455e-05,1.6882,98.5,6.25099e-07,0.174297,0.117532,0.0464776,0
allosteric,allosteric,0.384162,1,240,23.8017,2,0.000576538,0.000442853,0.000737019,0.00108557,1.33996,102.5,6.25099e-07,1.88292,0.128681,0.0739723,0
allosteric,allosteric,0.384162,1,240,23.8017,3,0.000963245,0.000791173,0.00116432,0.0234326,1.19378,98.5,6.25099e-07,24.3267,0.148132,0.109579,0
allosteric,allosteric,0.384162,1,240,23.8017,5,0.00251218,0.00206447,0.00299247,0.152833,0.947521,97.5,6.25099e-07,60.8367,0.182544,0.156053,3.06373e-07
allosteric,allosteric,0.384162,1,240,23.8017,10,0.00800795,0.00700717,0.00908547,0.24396,1.14868,98.5,6.25099e-07,30.4647,0.238216,0.219521,6.43382e-06
allosteric,allosteric,0.384162,1,240,23.8017,20,0.0240112,0.0219212,0.0262954,0.283576,1.06354,102.5,6.25099e-07,11.8101,0.307177,0.290544,2.0527e-05
allosteric,allosteric,0.384162,1,240,23.8017,50,0.0649337,0.060828,0.0689326,0.315033,1.14868,99.5,6.25099e-07,4.85161,0.394692,0.383191,5.69853e-05
allosteric,allosteric,0.384162,1,240,23.8017,100,0.113106,0.106657,0.119613,0.331498,1.1053,101.5,6.25099e-07,2.93086,0.463888,0.453938,0.000121324
allosteric,allosteric,0.384162,1,480,47.6034,1,0.000161858,0.000137365,0.000188597,5.94222e-07,1.89492,102.5,6.25099e-07,0.00367126,0.104993,0.0158476,0
allosteric,allosteric,0.384162,1,480,47.6034,1.5,0.000227065,0.000188588,0.000273511,4.82552e-05,1.6882,98.5,6.25099e-07,0.212518,0.108967,0.0256112,0
allosteric,allosteric,0.384162,1,480,47.6034,2,0.000246196,0.00020943,0.000288518,0.0010879,1.33996,102.5,6.25099e-07,4.41886,0.110923,0.0377293,0
allosteric,allosteric,0.384162,1,480,47.6034,3,0.000432062,0.000354491,0.000516581,0.0234892,1.19378,98.5,6.25099e-07,54.3652,0.120238,0.0572319,0
allosteric,allosteric,0.384162,1,480,47.6034,5,0.00067147,0.000556748,0.000799032,0.153217,0.752063,107.5,6.25099e-07,228.182,0.132604,0.081656,8.97989e-07
allosteric,allosteric,0.384162,1,480,47.6034,10,0.00118275,0.00098594,0.00142491,0.244231,0.348182,101.5,6.25099e-07,206.494,0.152002,0.11035,6.10632e-06
allosteric,allosteric,0.384162,1,480,47.6034,20,0.00266798,0.00234098,0.00305426,0.283878,0.188039,97.5,6.25099e-07,106.402,0.17934,0.148813,1.31106e-05
allosteric,allosteric,0.384162,1,480,47.6034,50,0.00559646,0.00500914,0.00623289,0.315361,0.077559,95.5,6.25099e-07,56.3501,0.214375,0.190407,3.78951e-05
allosteric,allosteric,0.384162,1,480,47.6034,100,0.0105777,0.00968636,0.0114918,0.331617,0.0345511,100.5,6.25099e-07,31.3506,0.251445,0.230665,8.74641e-05
allosteric,allosteric,0.384162,1,960,95.2068,1,0.000161792,0.000140269,0.000185073,5.94222e-07,1.89492,102.5,6.25099e-07,0.00367274,0.105544,0.0171524,0
allosteric,allosteric,0.384162,1,960,95.2068,1.5,0.00019254,0.000167281,0.000219529,4.82061e-05,1.6882,98.5,6.25099e-07,0.250369,0.107648,0.0192271,0
allosteric,allosteric,0.384162,1,960,95.2068,2,0.000213905,0.000190353,0.000239289,0.00108713,1.33996,102.5,6.25099e-07,5.08229,0.110531,0.019759,0
allosteric,allosteric,0.384162,1,960,95.2068,3,0.000261831,0.000224251,0.00030604,0.0234676,1.19378,98.5,6.25099e-07,89.629,0.1117,0.0305117,0
allosteric,allosteric,0.384162,1,960,95.2068,5,0.000335863,0.000300543,0.000376348,0.153053,0.984716,95.5,6.25099e-07,455.701,0.118153,0.041358,6.87893e-07
allosteric,allosteric,0.384162,1,960,95.2068,10,0.000484472,0.000437876,0.000532309,0.244341,1.14868,98.5,6.25099e-07,504.345,0.126119,0.0603092,4.71698e-06
allosteric,allosteric,0.384162,1,960,95.2068,20,0.000689749,0.000604589,0.000779635,0.284051,1.06354,102.5,6.25099e-07,411.817,0.132608,0.0742634,1.08097e-05
allosteric,allosteric,0.384162,1,960,95.2068,50,0.00118607,0.00107277,0.00130009,0.315738,1.14868,99.5,6.25099e-07,266.204,0.149192,0.10083,3.54756e-05
allosteric,allosteric,0.384162,1,960,95.2068,100,0.00158786,0.00145764,0.00172056,0.332038,1.1053,101.5,6.25099e-07,209.11,0.159089,0.115903,7.38011e-05
cooperative,cooperative,0.257369,2.5,60,5.95043,1,6.79271e-06,5.09653e-08,1.91263e-05,1.8851e-31,1.96931,101.5,2.58524e-31,2.77518e-26,0.135681,0.0169526,1.10677e-05
cooperative,cooperative,0.257369,2.5,60,5.95043,1.5,2.6759e-05,4.09628e-06,6.24042e-05,1.3033e-18,1.62444,100.5,2.58524e-31,4.87053e-14,0.163037,0.111329,3.84115e-05
cooperative,cooperative,0.257369,2.5,60,5.95043,2,0.00192216,0.000837651,0.00324616,5.1203e-11,1.44722,97.5,2.58524e-31,2.66383e-08,0.229715,0.199673,4.55729e-05
cooperative,cooperative,0.257369,2.5,60,5.95043,3,0.0199948,0.0152001,0.0249787,0.000406788,1.14868,100.5,2.58524e-31,0.0203447,0.338567,0.322666,8.39844e-05
cooperative,cooperative,0.257369,2.5,60,5.95043,5,0.0986062,0.09036,0.107233,0.140683,0.752063,102.5,2.58524e-31,1.42671,0.460986,0.452543,0.000178385
cooperative,cooperative,0.257369,2.5,60,5.95043,10,0.264901,0.25877,0.271088,0.228439,0.376055,99.5,2.58524e-31,0.862357,0.667624,0.661864,0.000270182
cooperative,cooperative,0.257369,2.5,60,5.95043,20,0.327654,0.324036,0.331483,0.270348,0.188039,99.5,2.58524e-31,0.825103,0.860837,0.856061,0.000423828
cooperative,cooperative,0.257369,2.5,60,5.95043,50,0.375,0.372942,0.376985,0.303961,0.0806036,91.5,2.58524e-31,0.810563,1.15059,1.14886,0.000625651
cooperative,cooperative,0.257369,2.5,60,5.95043,100,0.399568,0.398007,0.401165,0.321587,0.0387819,95.5,2.58524e-31,0.804838,1.38769,1.38419,0.000765625
cooperative,cooperative,0.257369,2.5,120,11.9009,1,1.33072e-06,4.92704e-08,3.52837e-06,1.8851e-31,1.96931,101.5,2.58524e-31,1.4166e-25,0.127522,0.0181878,1.13636e-05
cooperative,cooperative,0.257369,2.5,120,11.9009,1.5,3.61161e-06,6.66622e-07,8.73651e-06,1.30871e-18,1.62444,100.5,2.58524e-31,3.62362e-13,0.149013,0.0763122,2.50947e-05
cooperative,cooperative,0.257369,2.5,120,11.9009,2,2.82229e-05,9.8613e-06,5.25778e-05,5.14155e-11,1.44722,97.5,2.58524e-31,1.82176e-06,0.170587,0.122861,3.83523e-05
cooperative,cooperative,0.257369,2.5,120,11.9009,3,0.000866065,0.000450658,0.0013701,0.000408476,1.14868,100.5,2.58524e-31,0.471646,0.226614,0.196154,8.71212e-05
cooperative,cooperative,0.257369,2.5,120,11.9009,5,0.00867823,0.00638085,0.0111362,0.141267,0.752063,102.5,2.58524e-31,16.2783,0.307301,0.287582,0.000163352
cooperative,cooperative,0.257369,2.5,120,11.9009,10,0.0590078,0.0515727,0.0667879,0.22942,0.390817,95.5,2.58524e-31,3.88796,0.419048,0.406568,0.000333807
cooperative,cooperative,0.257369,2.5,120,11.9009,20,0.164113,0.156523,0.171888,0.271182,0.188039,99.5,2.58524e-31,1.65241,0.527745,0.517791,0.000488636
cooperative,cooperative,0.257369,2.5,120,11.9009,50,0.276086,0.271755,0.280268,0.304389,0.0746294,99.5,2.58524e-31,1.10252,0.69707,0.690501,0.00076089
cooperative,cooperative,0.257369,2.5,120,11.9009,100,0.320879,0.31705,0.324628,0.321535,0.037317,99.5,2.58524e-31,1.00204,0.837065,0.832211,0.000973011
cooperative,cooperative,0.257369,2.5,240,23.8017,1,2.50569e-06,6.97031e-07,4.92888e-06,1.8851e-31,1.96931,101.5,2.58524e-31,7.52327e-26,0.129872,0.0110819,1.05699e-05
cooperative,cooperative,0.257369,2.5,240,23.8017,1.5,3.34899e-06,1.08561e-06,6.2585e-06,1.31143e-18,1.62444,100.5,2.58524e-31,3.9159e-13,0.135041,0.0426016,1.98376e-05
cooperative,cooperative,0.257369,2.5,240,23.8017,2,1.61022e-05,7.14259e-06,2.69395e-05,5.15223e-11,1.44722,97.5,2.58524e-31,3.19972e-06,0.143962,0.0674509,2.62714e-05
cooperative,cooperative,0.257369,2.5,240,23.8017,3,8.26377e-05,2.96268e-05,0.000154626,0.000409325,1.14868,100.5,2.58524e-31,4.95325,0.163152,0.10541,5.8364e-05
cooperative,cooperative,0.257369,2.5,240,23.8017,5,0.000343738,0.000256498,0.000440721,0.141558,1.06354,97.5,2.58524e-31,411.82,0.199738,0.161635,0.000132889
cooperative,cooperative,0.257369,2.5,240,23.8017,10,0.00180786,0.00155007,0.00208904,0.229898,1.02337,104.5,2.58524e-31,127.166,0.249793,0.222693,0.000309972
cooperative,cooperative,0.257369,2.5,240,23.8017,20,0.00873615,0.00782497,0.00971902,0.271746,1.06354,100.5,2.58524e-31,31.106,0.306676,0.286589,0.000523055
cooperative,cooperative,0.257369,2.5,240,23.8017,50,0.0371343,0.0350665,0.0393575,0.305019,1.06354,101.5,2.58524e-31,8.21395,0.386372,0.370975,0.000866192
cooperative,cooperative,0.257369,2.5,240,23.8017,100,0.0833626,0.0807326,0.0861815,0.322197,1.06354,101.5,2.58524e-31,3.865,0.445427,0.431615,0.00113503
cooperative,cooperative,0.257369,2.5,480,47.6035,1,8.78484e-06,6.02221e-07,2.32533e-05,1.8851e-31,1.96931,101.5,2.58524e-31,2.14586e-26,0.129101,0.0217217,7.9023e-06
cooperative,cooperative,0.257369,2.5,480,47.6035,1.5,1.43378e-06,3.91777e-07,2.79858e-06,1.31297e-18,1.62444,100.5,2.58524e-31,9.15742e-13,0.129548,0.0260438,1.22126e-05
cooperative,cooperative,0.257369,2.5,480,47.6035,2,1.11386e-06,5.89066e-07,1.76778e-06,5.15788e-11,1.44722,97.5,2.58524e-31,4.63064e-05,0.136395,0.0387752,2.02945e-05
cooperative,cooperative,0.257369,2.5,480,47.6035,3,9.18752e-06,1.4824e-06,2.00659e-05,0.000409783,1.14868,100.5,2.58524e-31,44.6021,0.140867,0.0575513,5.22629e-05
cooperative,cooperative,0.257369,2.5,480,47.6035,5,4.75887e-05,2.01027e-05,8.67797e-05,0.14171,0.752063,102.5,2.58524e-31,2977.8,0.151951,0.0800983,0.000112069
cooperative,cooperative,0.257369,2.5,480,47.6035,10,0.000191672,8.95607e-05,0.000327123,0.230136,0.390817,95.5,2.58524e-31,1200.68,0.171624,0.120189,0.000257902
cooperative,cooperative,0.257369,2.5,480,47.6035,20,0.000442439,0.000258059,0.000670585,0.272029,0.188039,99.5,2.58524e-31,614.84,0.191517,0.147303,0.000482399
cooperative,cooperative,0.257369,2.5,480,47.6035,50,0.00112518,0.000853749,0.00142451,0.305337,0.0746294,99.5,2.58524e-31,271.368,0.227665,0.195129,0.000823994
cooperative,cooperative,0.257369,2.5,480,47.6035,100,0.00271819,0.00221797,0.00329213,0.32253,0.037317,99.5,2.58524e-31,118.656,0.251865,0.223942,0.00117026
cooperative,cooperative,0.257369,2.5,960,95.2069,1,2.6414e-06,7.83708e-07,4.95537e-06,1.8851e-31,1.96931,101.5,2.58524e-31,7.13675e-26,0.131631,0.0218071,4.61871e-06
cooperative,cooperative,0.257369,2.5,960,95.2069,1.5,1.33744e-06,6.99192e-07,2.18443e-06,1.31348e-18,1.62444,100.5,2.58524e-31,9.82088e-13,0.131925,0.0277986,8.35299e-06
cooperative,cooperative,0.257369,2.5,960,95.2069,2,1.47108e-05,5.32122e-07,4.25744e-05,5.16028e-11,1.44722,97.5,2.58524e-31,3.50781e-06,0.133847,0.030635,1.70991e-05
cooperative,cooperative,0.257369,2.5,960,95.2069,3,8.62516e-06,2.73698e-06,1.81211e-05,0.000409965,1.14868,100.5,2.58524e-31,47.5312,0.134928,0.0377855,3.94064e-05
cooperative,cooperative,0.257369,2.5,960,95.2069,5,1.05989e-05,5.1023e-06,1.80974e-05,0.141779,1.06354,97.5,2.58524e-31,13376.8,0.137592,0.0450028,0.000100531
cooperative,cooperative,0.257369,2.5,960,95.2069,10,2.5572e-05,1.24122e-05,4.31182e-05,0.230257,1.02337,104.5,2.58524e-31,9004.28,0.142522,0.0566985,0.000243219
cooperative,cooperative,0.257369,2.5,960,95.2069,20,6.97553e-05,3.3708e-05,0.000117804,0.272171,1.06354,100.5,2.58524e-31,3901.79,0.150101,0.0768898,0.000450079
cooperative,cooperative,0.257369,2.5,960,95.2069,50,0.000117254,7.47422e-05,0.000169322,0.305754,1.06354,101.5,2.58524e-31,2607.61,0.16521,0.103915,0.000808569
cooperative,cooperative,0.257369,2.5,960,95.2069,100,0.000229709,0.000158212,0.000316577,0.322958,1.06354,101.5,2.58524e-31,1405.94,0.171938,0.116268,0.00113522
coregulated,coregulated,1,2.5,60,15,1,0.00501769,0.00331583,0.00690021,1.8851e-31,1.96931,101.5,2.58524e-31,3.75691e-29,0.218256,0.0471319,0
coregulated,coregulated,1,2.5,60,15,1.5,0.00752327,0.00525611,0.0100334,1.3033e-18,1.62444,100.5,2.58524e-31,1.73236e-16,0.238844,0.0650536,0
coregulated,coregulated,1,2.5,60,15,2,0.0157817,0.0128186,0.0188176,5.1203e-11,1.44722,97.5,2.58524e-31,3.24445e-09,0.278609,0.114868,0
coregulated,coregulated,1,2.5,60,15,3,0.0189157,0.0152222,0.0228825,0.000406788,1.14868,100.5,2.58524e-31,0.0215053,0.284429,0.154814,0
coregulated,coregulated,1,2.5,60,15,5,0.0368914,0.0316036,0.0420241,0.140683,0.752063,102.5,2.58524e-31,3.81344,0.323034,0.196068,1.30208e-06
coregulated,coregulated,1,2.5,60,15,10,0.069027,0.0626007,0.0751242,0.228439,0.376055,99.5,2.58524e-31,3.30942,0.392341,0.297788,5.20833e-06
coregulated,coregulated,1,2.5,60,15,20,0.0915616,0.0838808,0.0997332,0.270348,0.188039,99.5,2.58524e-31,2.95264,0.434578,0.358684,1.30208e-05
coregulated,coregulated,1,2.5,60,15,50,0.134604,0.128322,0.140729,0.303961,0.0806036,91.5,2.58524e-31,2.25819,0.501307,0.441712,2.08333e-05
coregulated,coregulated,1,2.5,60,15,100,0.16683,0.160316,0.173258,0.321587,0.0387819,95.5,2.58524e-31,1.92763,0.551691,0.494301,3.125e-05
coregulated,coregulated,1,2.5,120,30,1,0.00373412,0.00259017,0.00501809,1.8851e-31,1.96931,101.5,2.58524e-31,5.04831e-29,0.213207,0.0415263,0
coregulated,coregulated,1,2.5,120,30,1.5,0.00751303,0.00597698,0.00920193,1.30871e-18,1.62444,100.5,2.58524e-31,1.74192e-16,0.235886,0.0474809,0
coregulated,coregulated,1,2.5,120,30,2,0.00915212,0.00735209,0.0110463,5.14155e-11,1.44722,97.5,2.58524e-31,5.61787e-09,0.246345,0.0651709,0
coregulated,coregulated,1,2.5,120,30,3,0.0169764,0.0143169,0.0199144,0.000408476,1.14868,100.5,2.58524e-31,0.0240614,0.269653,0.0765235,0
coregulated,coregulated,1,2.5,120,30,5,0.0223305,0.0195459,0.0253631,0.141267,0.752063,102.5,2.58524e-31,6.32618,0.290042,0.1011,9.4697e-07
coregulated,coregulated,1,2.5,120,30,10,0.0298124,0.0266942,0.0331263,0.22942,0.390817,95.5,2.58524e-31,7.69544,0.309311,0.133611,2.84091e-06
coregulated,coregulated,1,2.5,120,30,20,0.039397,0.035371,0.0437499,0.271182,0.188039,99.5,2.58524e-31,6.88333,0.327147,0.178883,1.08902e-05
coregulated,coregulated,1,2.5,120,30,50,0.057361,0.0532664,0.0614021,0.304389,0.0746294,99.5,2.58524e-31,5.30656,0.368869,0.238702,2.60417e-05
coregulated,coregulated,1,2.5,120,30,100,0.0664804,0.0618579,0.0713333,0.321535,0.037317,99.5,2.58524e-31,4.83653,0.387074,0.265114,2.65152e-05
coregulated,coregulated,1,2.5,240,60,1,0.00413118,0.00332266,0.005018,1.8851e-31,1.96931,101.5,2.58524e-31,4.5631e-29,0.220127,0.0386456,0
coregulated,coregulated,1,2.5,240,60,1.5,0.00781091,0.00673217,0.00892677,1.31143e-18,1.62444,100.5,2.58524e-31,1.67898e-16,0.240315,0.0525832,0
coregulated,coregulated,1,2.5,240,60,2,0.00850155,0.0073264,0.00975896,5.15223e-11,1.44722,97.5,2.58524e-31,6.06035e-09,0.247215,0.0616227,0
coregulated,coregulated,1,2.5,240,60,3,0.0149919,0.0132655,0.0167549,0.000409325,1.14868,100.5,2.58524e-31,0.027303,0.262756,0.0655417,0
coregulated,coregulated,1,2.5,240,60,5,0.0193703,0.017497,0.0213047,0.141558,1.06354,97.5,2.58524e-31,7.30801,0.276458,0.0769711,9.19118e-07
coregulated,coregulated,1,2.5,240,60,10,0.0253949,0.0232101,0.0275771,0.229898,1.02337,104.5,2.58524e-31,9.05293,0.290683,0.0792854,4.28922e-06
coregulated,coregulated,1,2.5,240,60,20,0.0313988,0.0291825,0.0337009,0.271746,1.06354,100.5,2.58524e-31,8.65467,0.308546,0.0968977,1.22549e-05
coregulated,coregulated,1,2.5,240,60,50,0.0366725,0.0343286,0.0390038,0.305019,1.06354,101.5,2.58524e-31,8.31739,0.321112,0.121571,2.54289e-05
coregulated,coregulated,1,2.5,240,60,100,0.043694,0.0412927,0.0461912,0.322197,1.06354,101.5,2.58524e-31,7.37393,0.334545,0.147479,2.94118e-05
coregulated,coregulated,1,2.5,480,120,1,0.00417929,0.00348707,0.00488916,1.8851e-31,1.96931,101.5,2.58524e-31,4.51057e-29,0.213494,0.0387738,0
coregulated,coregulated,1,2.5,480,120,1.5,0.00708237,0.00641994,0.00784254,1.31297e-18,1.62444,100.5,2.58524e-31,1.85386e-16,0.235333,0.0473801,0
coregulated,coregulated,1,2.5,480,120,2,0.0100753,0.00917572,0.0110193,5.15788e-11,1.44722,97.5,2.58524e-31,5.11931e-09,0.250139,0.0514747,0
coregulated,coregulated,1,2.5,480,120,3,0.0136885,0.0126385,0.014734,0.000409783,1.14868,100.5,2.58524e-31,0.0299362,0.259437,0.0585339,0
coregulated,coregulated,1,2.5,480,120,5,0.0177788,0.0166629,0.0188457,0.14171,0.752063,102.5,2.58524e-31,7.97072,0.274879,0.0630414,7.18391e-07
coregulated,coregulated,1,2.5,480,120,10,0.0226944,0.0214136,0.0239543,0.230136,0.390817,95.5,2.58524e-31,10.1407,0.287036,0.0651408,2.87356e-06
coregulated,coregulated,1,2.5,480,120,20,0.0276861,0.0261682,0.0292021,0.272029,0.188039,99.5,2.58524e-31,9.82546,0.299306,0.0760388,9.69828e-06
coregulated,coregulated,1,2.5,480,120,50,0.0336944,0.0320059,0.0354186,0.305337,0.0746294,99.5,2.58524e-31,9.06194,0.314521,0.0897659,2.26293e-05
coregulated,coregulated,1,2.5,480,120,100,0.037724,0.0361318,0.0393595,0.32253,0.037317,99.5,2.58524e-31,8.54974,0.324437,0.0954455,2.56825e-05
coregulated,coregulated,1,2.5,960,240,1,0.00461439,0.00414847,0.00508254,1.8851e-31,1.96931,101.5,2.58524e-31,4.08526e-29,0.214927,0.0411846,0
coregulated,coregulated,1,2.5,960,240,1.5,0.00732468,0.00685211,0.00782194,1.31348e-18,1.62444,100.5,2.58524e-31,1.79323e-16,0.236904,0.0471785,0
coregulated,coregulated,1,2.5,960,240,2,0.00935217,0.00876739,0.00994294,5.16028e-11,1.44722,97.5,2.58524e-31,5.51774e-09,0.246657,0.0491769,0
coregulated,coregulated,1,2.5,960,240,3,0.0140499,0.0132114,0.0149223,0.000409965,1.14868,100.5,2.58524e-31,0.0291792,0.261605,0.055549,1.96541e-07
coregulated,coregulated,1,2.5,960,240,5,0.0177584,0.016976,0.0185735,0.141779,1.06354,97.5,2.58524e-31,7.98378,0.273692,0.0579717,6.87893e-07
coregulated,coregulated,1,2.5,960,240,10,0.0225731,0.0217957,0.0233735,0.230257,1.02337,104.5,2.58524e-31,10.2005,0.286921,0.0633331,4.02909e-06
coregulated,coregulated,1,2.5,960,240,20,0.0264632,0.0255134,0.0274837,0.272171,1.06354,100.5,2.58524e-31,10.2849,0.297081,0.0669172,9.72877e-06
coregulated,coregulated,1,2.5,960,240,50,0.0320083,0.03102,0.0329445,0.305754,1.06354,101.5,2.58524e-31,9.55234,0.311333,0.0750525,1.70991e-05
coregulated,coregulated,1,2.5,960,240,100,0.035438,0.0342089,0.0366549,0.322958,1.06354,101.5,2.58524e-31,9.11331,0.318618,0.0771848,2.83019e-05
coregulated_slow,coregulated,1,2.5,60,5.94754,1,4.93583e-06,1.44505e-06,9.51159e-06,1.8851e-31,1.96931,101.5,2.58524e-31,3.81922e-26,0.138614,0.0221911,1.4974e-05
coregulated_slow,coregulated,1,2.5,60,5.94754,1.5,0.000398922,0.0001433,0.000752547,1.3033e-18,1.62444,100.5,2.58524e-31,3.26706e-15,0.174981,0.11308,4.03646e-05
coregulated_slow,coregulated,1,2.5,60,5.94754,2,0.00471279,0.00268177,0.00730694,5.1203e-11,1.44722,97.5,2.58524e-31,1.08647e-08,0.249339,0.204028,5.98958e-05
coregulated_slow,coregulated,1,2.5,60,5.94754,3,0.022356,0.0186906,0.026498,0.000406788,1.14868,100.5,2.58524e-31,0.0181959,0.336266,0.316197,0.000113932
coregulated_slow,coregulated,1,2.5,60,5.94754,5,0.10597,0.0973304,0.114571,0.140683,0.752063,102.5,2.58524e-31,1.32757,0.466464,0.44977,0.000218099
coregulated_slow,coregulated,1,2.5,60,5.94754,10,0.253978,0.24648,0.260972,0.228439,0.376055,99.5,2.58524e-31,0.899445,0.653858,0.643911,0.000235026
coregulated_slow,coregulated,1,2.5,60,5.94754,20,0.32105,0.316094,0.325756,0.270348,0.188039,99.5,2.58524e-31,0.842075,0.834439,0.828607,0.000382813
coregulated_slow,coregulated,1,2.5,60,5.94754,50,0.373388,0.370669,0.376099,0.303961,0.0806036,91.5,2.58524e-31,0.814063,1.1247,1.11833,0.000488932
coregulated_slow,coregulated,1,2.5,60,5.94754,100,0.401472,0.39893,0.4039,0.321587,0.0387819,95.5,2.58524e-31,0.801021,1.38555,1.37978,0.000380208
coregulated_slow,coregulated,1,2.5,120,11.8951,1,4.25358e-05,5.09143e-06,9.51451e-05,1.8851e-31,1.96931,101.5,2.58524e-31,4.4318e-27,0.138543,0.0188227,9.4697e-06
coregulated_slow,coregulated,1,2.5,120,11.8951,1.5,0.000201593,1.46555e-05,0.000443162,1.30871e-18,1.62444,100.5,2.58524e-31,6.49187e-15,0.161416,0.0747495,3.0303e-05
coregulated_slow,coregulated,1,2.5,120,11.8951,2,0.000463382,0.000209788,0.000748292,5.14155e-11,1.44722,97.5,2.58524e-31,1.10957e-07,0.185693,0.124659,5.68182e-05
coregulated_slow,coregulated,1,2.5,120,11.8951,3,0.00429791,0.00289127,0.00583835,0.000408476,1.14868,100.5,2.58524e-31,0.0950406,0.242434,0.201658,0.000125473
coregulated_slow,coregulated,1,2.5,120,11.8951,5,0.0150021,0.0118108,0.0184633,0.141267,0.752063,102.5,2.58524e-31,9.41644,0.316375,0.284777,0.000254261
coregulated_slow,coregulated,1,2.5,120,11.8951,10,0.0657681,0.059716,0.0718595,0.22942,0.390817,95.5,2.58524e-31,3.48832,0.42007,0.395402,0.000306345
coregulated_slow,coregulated,1,2.5,120,11.8951,20,0.155379,0.147764,0.163306,0.271182,0.188039,99.5,2.58524e-31,1.74529,0.519932,0.500515,0.000357481
coregulated_slow,coregulated,1,2.5,120,11.8951,50,0.253479,0.248131,0.25872,0.304389,0.0746294,99.5,2.58524e-31,1.20085,0.652561,0.63887,0.000499053
coregulated_slow,coregulated,1,2.5,120,11.8951,100,0.293303,0.288759,0.298249,0.321535,0.037317,99.5,2.58524e-31,1.09626,0.745149,0.731548,0.000704545
coregulated_slow,coregulated,1,2.5,240,23.7902,1,1.83678e-05,6.64076e-06,3.31622e-05,1.8851e-31,1.96931,101.5,2.58524e-31,1.02631e-26,0.140156,0.0187699,1.01103e-05
coregulated_slow,coregulated,1,2.5,240,23.7902,1.5,0.000174763,3.45471e-05,0.000373068,1.31143e-18,1.62444,100.5,2.58524e-31,7.50404e-15,0.152937,0.0485106,2.35907e-05
coregulated_slow,coregulated,1,2.5,240,23.7902,2,0.00031741,0.000132605,0.000536553,5.15223e-11,1.44722,97.5,2.58524e-31,1.62321e-07,0.164082,0.0766619,4.6875e-05
coregulated_slow,coregulated,1,2.5,240,23.7902,3,0.000812476,0.000483703,0.00121798,0.000409325,1.14868,100.5,2.58524e-31,0.5038,0.194089,0.120942,0.0001106
coregulated_slow,coregulated,1,2.5,240,23.7902,5,0.00281879,0.00210016,0.0035942,0.141558,1.06354,97.5,2.58524e-31,50.2194,0.230213,0.176454,0.00023989
coregulated_slow,coregulated,1,2.5,240,23.7902,10,0.00917489,0.00764227,0.0107498,0.229898,1.02337,104.5,2.58524e-31,25.0573,0.281503,0.238328,0.000390625
coregulated_slow,coregulated,1,2.5,240,23.7902,20,0.0243359,0.0215451,0.0271385,0.271746,1.06354,100.5,2.58524e-31,11.1665,0.342084,0.308932,0.000480392
coregulated_slow,coregulated,1,2.5,240,23.7902,50,0.0583533,0.0551191,0.0617108,0.305019,1.06354,101.5,2.58524e-31,5.22711,0.414811,0.389261,0.00053125
coregulated_slow,coregulated,1,2.5,240,23.7902,100,0.0959998,0.0912273,0.100528,0.322197,1.06354,101.5,2.58524e-31,3.35622,0.469352,0.447023,0.000643382
coregulated_slow,coregulated,1,2.5,480,47.5803,1,4.73336e-05,1.3563e-05,9.92528e-05,1.8851e-31,1.96931,101.5,2.58524e-31,3.98258e-27,0.137214,0.0211485,7.36351e-06
coregulated_slow,coregulated,1,2.5,480,47.5803,1.5,0.000101839,4.07719e-05,0.00017926,1.31297e-18,1.62444,100.5,2.58524e-31,1.28926e-14,0.147372,0.0338547,1.6523e-05
coregulated_slow,coregulated,1,2.5,480,47.5803,2,0.000114359,5.97197e-05,0.00018146,5.15788e-11,1.44722,97.5,2.58524e-31,4.51027e-07,0.157655,0.0427406,3.78951e-05
coregulated_slow,coregulated,1,2.5,480,47.5803,3,0.000458962,0.000292654,0.000649718,0.000409783,1.14868,100.5,2.58524e-31,0.892846,0.167661,0.0614087,9.7342e-05
coregulated_slow,coregulated,1,2.5,480,47.5803,5,0.00070688,0.0005029,0.000929813,0.14171,0.752063,102.5,2.58524e-31,200.472,0.183405,0.0894153,0.000217672
coregulated_slow,coregulated,1,2.5,480,47.5803,10,0.00216089,0.00178864,0.00254983,0.230136,0.390817,95.5,2.58524e-31,106.501,0.211773,0.127129,0.000376976
coregulated_slow,coregulated,1,2.5,480,47.5803,20,0.00560186,0.00488176,0.00636602,0.272029,0.188039,99.5,2.58524e-31,48.5605,0.243744,0.176126,0.000478987
coregulated_slow,coregulated,1,2.5,480,47.5803,50,0.0126338,0.0113589,0.013916,0.305337,0.0746294,99.5,2.58524e-31,24.1683,0.284581,0.232211,0.000586925
coregulated_slow,coregulated,1,2.5,480,47.5803,100,0.0207349,0.019251,0.022299,0.32253,0.037317,99.5,2.58524e-31,15.5549,0.311042,0.260579,0.000653017
coregulated_slow,coregulated,1,2.5,960,95.1607,1,3.48927e-05,1.0068e-05,6.87813e-05,1.8851e-31,1.96931,101.5,2.58524e-31,5.40257e-27,0.137955,0.0229729,4.91352e-06
coregulated_slow,coregulated,1,2.5,960,95.1607,1.5,6.19686e-05,3.6517e-05,9.01695e-05,1.31348e-18,1.62444,100.5,2.58524e-31,2.11959e-14,0.146871,0.0248464,1.20873e-05
coregulated_slow,coregulated,1,2.5,960,95.1607,2,0.00010597,4.93833e-05,0.000185995,5.16028e-11,1.44722,97.5,2.58524e-31,4.86957e-07,0.150178,0.0279605,3.29206e-05
coregulated_slow,coregulated,1,2.5,960,95.1607,3,0.000270499,0.000179834,0.000369973,0.000409965,1.14868,100.5,2.58524e-31,1.51559,0.162879,0.0385953,8.74607e-05
coregulated_slow,coregulated,1,2.5,960,95.1607,5,0.000489708,0.000341772,0.000663762,0.141779,1.06354,97.5,2.58524e-31,289.518,0.172987,0.0517203,0.000197524
coregulated_slow,coregulated,1,2.5,960,95.1607,10,0.00112653,0.000929552,0.00133178,0.230257,1.02337,104.5,2.58524e-31,204.396,0.188413,0.0717856,0.000374214
coregulated_slow,coregulated,1,2.5,960,95.1607,20,0.00218541,0.00186972,0.00253504,0.272171,1.06354,100.5,2.58524e-31,124.54,0.202834,0.0897176,0.000517099
coregulated_slow,coregulated,1,2.5,960,95.1607,50,0.0049706,0.004467,0.00550001,0.305754,1.06354,101.5,2.58524e-31,61.5125,0.2252,0.124975,0.000665979
coregulated_slow,coregulated,1,2.5,960,95.1607,100,0.00784684,0.00728907,0.00841949,0.322958,1.06354,101.5,2.58524e-31,41.1577,0.242287,0.145271,0.000775452
