zeta,zeta_over_crit,sf_reference,var200,var400,varOmega200,varOmega400,varLogOmega200,varLogOmega400,varLog200,varLog400,gmin200,gmax200,gmin400,gmax400,kurt200,kurt400
0.15,0.05,1.70998,0.000396386,0.000195219,0.0792771,0.0780874,0.0790214,0.0779644,0.000395107,0.000194911,0.428494,0.597726,0.445097,0.575176,0.0611461,0.0292978
0.3,0.1,1.35721,0.001102,0.000549671,0.2204,0.219868,0.218466,0.218901,0.00109233,0.000547253,0.372385,0.661951,0.400112,0.620577,0.0232213,0.0215731
0.6,0.2,1.07722,0.00372743,0.00186094,0.745486,0.744375,0.724108,0.733502,0.00362054,0.00183375,0.258075,0.793147,0.336708,0.721919,0.00691711,0.00431879
0.9,0.3,0.941036,0.00852729,0.00432528,1.70546,1.73011,1.59948,1.67268,0.0079974,0.00418171,0.186032,0.860326,0.262116,0.772767,-0.00991539,0.0179091
1.5,0.5,0.793701,0.0276655,0.0145246,5.5331,5.80982,4.5989,5.23438,0.0229945,0.013086,0.0704367,0.958909,0.127862,0.920195,-0.0542624,-0.0475949
2.1,0.7,0.709492,0.068696,0.0382351,13.7392,15.294,9.37399,12.0409,0.04687,0.0301023,0.0189281,0.994557,0.0463533,0.972615,-0.12282,-0.131046
2.55,0.85,0.665029,0.11767,0.0719554,23.534,28.7822,13.504,19.6558,0.06752,0.0491394,0.00705457,0.997445,0.0162145,0.984962,-0.243562,-0.32478
2.85,0.95,0.640824,0.160722,0.104614,32.1444,41.8456,16.2513,25.4632,0.0812565,0.0636579,0.00265673,0.999099,0.0157894,0.993224,-0.283633,-0.399164
3.15,1.05,0.619798,0.209748,0.141194,41.9496,56.4778,18.7619,30.8642,0.0938096,0.0771606,0.00172122,0.999885,0.00752105,0.998743,-0.318156,-0.486949
3.6,1.2,0.592816,0.301023,0.214793,60.2046,85.9171,22.4711,39.2755,0.112356,0.0981887,0.00106896,0.999823,0.00158751,0.999306,-0.443814,-0.606439
4.5,1.5,0.550321,0.536977,0.417957,107.395,167.183,28.2397,53.6926,0.141199,0.134231,0.000147727,0.999996,0.000434882,0.999934,-0.534647,-0.776861
6,2,0.5,1.06632,0.884306,213.264,353.722,34.4262,68.6158,0.172131,0.171539,2.08654e-06,1,2.92384e-05,0.999996,-0.637032,-0.924389
