scheme,alpha,zeta,zeta_crit,margin,varOmega,kurt,mean_g
allosteric,0.3,0.0666667,4.16258,62.4387,0.0461556,0.00217165,0.499943
allosteric,0.6,0.133333,2.91067,21.83,0.0897026,-0.0304201,0.500485
allosteric,1,0.222222,3,13.5,0.138005,-0.0254315,0.500275
allosteric,1.6,0.355556,4.389,12.3441,0.187464,0.0194166,0.499657
allosteric,3,0.666667,12.8333,19.25,0.248799,0.0481152,0.500717
allosteric,6,1.33333,69.6667,52.25,0.382113,0.0504965,0.499908
allosteric,12,2.66667,480.583,180.219,0.647334,-0.00452807,0.500336
cooperative,0.3,0.095741,4.16258,43.4775,0.0788949,0.0447765,0.500217
cooperative,0.6,0.191482,2.91067,15.2007,0.158624,0.0633305,0.499629
cooperative,1,0.319137,3,9.40036,0.250057,0.0689014,0.499994
cooperative,1.6,0.510619,4.389,8.59545,0.343515,0.191377,0.50019
cooperative,3,0.95741,12.8333,13.4042,0.502645,0.261979,0.499598
cooperative,6,1.91482,69.6667,36.3829,0.803791,0.26239,0.500497
